run_timestamp_utc,workflow,environment,git_ref,run_id,status,resources_added,resources_changed,resources_destroyed,duration_minutes,retry_count,change_ticket,notes
2026-02-18T02:57:22Z,Terraform Prod,prod,main,10389251074,success,0,1,0,6,0,CHG-4691,"heartbeat alert sensitivity tune after false outage signal"
2026-02-22T18:41:09Z,Terraform Prod,prod,main,10393341805,success,0,2,0,9,0,CHG-4705,"probe expansion and nsg cleanup"
2026-03-01T19:04:10Z,Terraform Prod,prod,main,10401190211,success,2,4,0,14,0,CHG-4721,"monthly baseline hardening release"
2026-03-06T10:52:30Z,Terraform Prod,prod,main,10408977122,success,0,1,0,7,0,CHG-4733,"nsg update before outage"
2026-03-06T11:28:03Z,Terraform Prod,prod,main,10408977431,success,0,1,0,6,0,INC-2026-03-06-001,"emergency rollback apply"
2026-03-12T14:45:52Z,Terraform Staging,staging,main,10413310954,success,1,3,0,11,0,CHG-4739,"auth query alert rollout validation"
2026-03-15T22:12:18Z,Terraform Prod,prod,main,10417100409,failed,0,2,0,5,1,CHG-4741,"provider timeout during extension update"
2026-03-15 22:18:02,Terraform Prod,prod,main,10417100641,failed,0,2,0,4,2,CHG-4741,"retry #1 also failed (429 throttling)"
2026-03-15T22:21:47Z,Terraform Prod,prod,main,10417100788,success,0,2,0,9,0,CHG-4741,"retry succeeded after transient control-plane error"
2026-03-21T08:54:22Z,Terraform Prod,prod,main,10423255116,success,0,1,0,8,0,CHG-4748,"probe region update"
2026-03-27T17:58:41Z,Terraform Prod,prod,main,10429118473,success,0,2,0,13,0,CHG-4761,"vm size and cpu threshold adjustment"
2026-04-02T06:49:29Z,Terraform Prod,prod,main,10435600417,failed,0,1,0,4,0,CHG-4768,"policy assignment conflict with stale lock"
2026-04-02T06:57:03Z,Terraform Prod,prod,main,10435600951,success,0,1,0,7,1,CHG-4768,"lock resolved, apply completed"
2026-04-09T12:50:15Z,Terraform Prod,prod,main,10442700924,success,0,3,0,16,0,CHG-4780,"certificate + app gateway update"
2026-04-14T04:11:08Z,Terraform Prod,prod,main,10449244532,success,0,1,0,6,0,CHG-4788,"backup schedule tune"
2026-04-19T09:42:26Z,Terraform Prod,prod,main,10455410288,success,0,2,0,10,0,CHG-4799,"dns and dependency endpoint update"
2026-04-24T16:03:14Z,Terraform Prod,prod,main,10462333817,success,0,1,0,8,0,CHG-4804,"alert threshold tuning for auth noise"
2026-04-29T13:46:05Z,Terraform Prod,prod,main,10468822173,success,1,1,0,12,0,CHG-4817,"aci image update and nsg adjustment"
2026-04-30T00:12:06Z,Terraform Prod,prod,main,10470290125,success,0,1,0,8,0,CHG-4820,"nsg change introduced availability regression"
2026-04-30T00:30:14Z,Terraform Prod,prod,main,10470294488,success,0,1,0,7,0,INC-2026-04-30-001,"incident rollback and validation apply"
2026-05-05T06:52:31Z,Terraform Prod,prod,main,10474810721,failed,0,1,0,5,1,CHG-4831,"provider 412 precondition failed during nsg write"
2026-05-05T07:00:53Z,Terraform Prod,prod,main,10474811104,success,0,1,0,8,1,CHG-4831,"state refresh + retry completed"
2026-05-08T01:28:44Z,Terraform Prod,prod,main,10478166209,success,0,2,0,11,0,CHG-4840,"cpu threshold retune and vm config optimization"
2026-05-12T09:14:20Z,Terraform Staging,staging,main,10481290014,failed,1,1,0,6,0,CHG-4852,"dns synthetic check module failed due to missing var"
2026-05-12T09:24:48.622Z,Terraform Staging,staging,main,10481290637,success,1,1,0,10,1,CHG-4852,"var fix pushed; staged validation passed"
2026-05-18T12:55:12Z,Terraform Prod,prod,main,10486732044,success,0,3,0,15,0,CHG-4891,"release with cache update and ingress policy tighten"
2026-05-18T13:29:37Z,Terraform Prod,prod,main,10486736788,success,0,2,0,9,0,INC-2026-05-18-002,"dual mitigation apply (nsg + rollback)"
2026-05-18T13:36:05Z,Terraform Prod,prod,main,10486736910,cancelled,0,0,0,1,0,INC-2026-05-18-002,"manual duplicate dispatch canceled after detecting in-flight run"
2026-05-26T21:58:06Z,Terraform Prod,prod,main,10492145003,success,0,1,0,7,0,CHG-4920,"auth burst suppression tuning after red-team exercise"
